Mapping Category,Mapping Value,Mapping Key
MX SAT: Account Grouping,101 - Caja,
MX SAT: Account Grouping,101.01 - Caja y efectivo,
MX SAT: Account Grouping,102 - Bancos,
MX SAT: Account Grouping,102.01 - Bancos nacionales,
MX SAT: Account Grouping,102.02 - Bancos extranjeros,
MX SAT: Account Grouping,103 - Inversiones,
MX SAT: Account Grouping,103.01 - Inversiones temporales,
MX SAT: Account Grouping,103.02 - Inversiones en fideicomisos,
MX SAT: Account Grouping,103.03 - Otras inversiones,
MX SAT: Account Grouping,104 - Otros instrumentos financieros,
MX SAT: Account Grouping,104.01 - Otros instrumentos financieros,
MX SAT: Account Grouping,105 - Clientes,
MX SAT: Account Grouping,105.01 - Clientes nacionales,
MX SAT: Account Grouping,105.02 - Clientes extranjeros,
MX SAT: Account Grouping,105.03 - Clientes nacionales parte relacionada,
MX SAT: Account Grouping,105.04 - Clientes extranjeros parte relacionada,
MX SAT: Account Grouping,106 - Cuentas y documentos por cobrar a corto plazo,
MX SAT: Account Grouping,106.01 - Cuentas y documentos por cobrar a corto plazo nacional,
MX SAT: Account Grouping,106.02 - Cuentas y documentos por cobrar a corto plazo extranjero,
MX SAT: Account Grouping,106.03 - Cuentas y documentos por cobrar a corto plazo nacional parte relacionada,
MX SAT: Account Grouping,106.04 - Cuentas y documentos por cobrar a corto plazo extranjero parte relacionada,
MX SAT: Account Grouping,106.05 - Intereses por cobrar a corto plazo nacional,
MX SAT: Account Grouping,106.06 - Intereses por cobrar a corto plazo extranjero,
MX SAT: Account Grouping,106.07 - Intereses por cobrar a corto plazo nacional parte relacionada,
MX SAT: Account Grouping,106.08 - Intereses por cobrar a corto plazo extranjero parte relacionada,
MX SAT: Account Grouping,106.09 - Otras cuentas y documentos por cobrar a corto plazo,
MX SAT: Account Grouping,106.10 - Otras cuentas y documentos por cobrar a corto plazo parte relacionada,
MX SAT: Account Grouping,107 - Deudores diversos,
MX SAT: Account Grouping,107.01 - Funcionarios y empleados,
MX SAT: Account Grouping,107.02 - Socios y accionistas,
MX SAT: Account Grouping,107.03 - Partes relacionadas nacionales,
MX SAT: Account Grouping,107.04 - Partes relacionadas extranjeros,
MX SAT: Account Grouping,107.05 - Otros deudores diversos,
MX SAT: Account Grouping,108 - Estimación de cuentas incobrables,
MX SAT: Account Grouping,108.01 - Estimación de cuentas incobrables nacional,
MX SAT: Account Grouping,108.02 - Estimación de cuentas incobrables extranjero,
MX SAT: Account Grouping,108.03 - Estimación de cuentas incobrables nacional parte relacionada,
MX SAT: Account Grouping,108.04 - Estimación de cuentas incobrables extranjero parte relacionada,
MX SAT: Account Grouping,109 - Pagos anticipados,
MX SAT: Account Grouping,109.01 - Seguros y fianzas pagados por anticipado nacional,
MX SAT: Account Grouping,109.02 - Seguros y fianzas pagados por anticipado extranjero,
MX SAT: Account Grouping,109.03 - Seguros y fianzas pagados por anticipado nacional parte relacionada,
MX SAT: Account Grouping,109.04 - Seguros y fianzas pagados por anticipado extranjero parte relacionada,
MX SAT: Account Grouping,109.05 - Rentas pagados por anticipado nacional,
MX SAT: Account Grouping,109.06 - Rentas pagados por anticipado extranjero,
MX SAT: Account Grouping,109.07 - Rentas pagados por anticipado nacional parte relacionada,
MX SAT: Account Grouping,109.08 - Rentas pagados por anticipado extranjero parte relacionada,
MX SAT: Account Grouping,109.09 - Intereses pagados por anticipado nacional,
MX SAT: Account Grouping,109.10 - Intereses pagados por anticipado extranjero,
MX SAT: Account Grouping,109.11 - Intereses pagados por anticipado nacional parte relacionada,
MX SAT: Account Grouping,109.12 - Intereses pagados por anticipado extranjero parte relacionada,
MX SAT: Account Grouping,109.13 - Factoraje financiero pagados por anticipado nacional,
MX SAT: Account Grouping,109.14 - Factoraje financiero pagados por anticipado extranjero,
MX SAT: Account Grouping,109.15 - Factoraje financiero pagados por anticipado nacional parte relacionada,
MX SAT: Account Grouping,109.16 - Factoraje financiero pagados por anticipado extranjero parte relacionada,
MX SAT: Account Grouping,109.17 - Arrendamiento financiero pagados por anticipado nacional,
MX SAT: Account Grouping,109.18 - Arrendamiento financiero pagados por anticipado extranjero,
MX SAT: Account Grouping,109.19 - Arrendamiento financiero pagados por anticipado nacional parte relacionada,
MX SAT: Account Grouping,109.20 - Arrendamiento financiero pagados por anticipado extranjero parte relacionada,
MX SAT: Account Grouping,109.21 - Pérdida por deterioro de pagos anticipados,
MX SAT: Account Grouping,109.22 - Derechos fiduciarios,
MX SAT: Account Grouping,109.23 - Otros pagos anticipados,
MX SAT: Account Grouping,110 - Subsidio al empleo por aplicar,
MX SAT: Account Grouping,110.01 - Subsidio al empleo por aplicar,
MX SAT: Account Grouping,111 - Crédito al diesel por acreditar,
MX SAT: Account Grouping,111.01 - Crédito al diesel por acreditar,
MX SAT: Account Grouping,112 - Otros estímulos,
MX SAT: Account Grouping,112.01 - Otros estímulos,
MX SAT: Account Grouping,113 - Impuestos a favor,
MX SAT: Account Grouping,113.01 - IVA a favor,
MX SAT: Account Grouping,113.02 - ISR a favor,
MX SAT: Account Grouping,113.03 - IETU a favor,
MX SAT: Account Grouping,113.04 - IDE a favor,
MX SAT: Account Grouping,113.05 - IA a favor,
MX SAT: Account Grouping,113.06 - Subsidio al empleo,
MX SAT: Account Grouping,113.07 - Pago de lo indebido,
MX SAT: Account Grouping,113.08 - Otros impuestos a favor,
MX SAT: Account Grouping,114 - Pagos provisionales,
MX SAT: Account Grouping,114.01 - Pagos provisionales de ISR,
MX SAT: Account Grouping,115 - Inventario,
MX SAT: Account Grouping,115.01 - Inventario,
MX SAT: Account Grouping,115.02 - Materia prima y materiales,
MX SAT: Account Grouping,115.03 - Producción en proceso,
MX SAT: Account Grouping,115.04 - Productos terminados,
MX SAT: Account Grouping,115.05 - Mercancías en tránsito,
MX SAT: Account Grouping,115.06 - Mercancías en poder de terceros,
MX SAT: Account Grouping,115.07 - Otros,
MX SAT: Account Grouping,116 - Estimación de inventarios obsoletos y de lento movimiento,
MX SAT: Account Grouping,116.01 - Estimación de inventarios obsoletos y de lento movimiento,
MX SAT: Account Grouping,117 - Obras en proceso de inmuebles,
MX SAT: Account Grouping,117.01 - Obras en proceso de inmuebles,
MX SAT: Account Grouping,118 - Impuestos acreditables pagados,
MX SAT: Account Grouping,118.01 - IVA acreditable pagado,
MX SAT: Account Grouping,118.02 - IVA acreditable de importación pagado,
MX SAT: Account Grouping,118.03 - IEPS acreditable pagado,
MX SAT: Account Grouping,118.04 - IEPS pagado en importación,
MX SAT: Account Grouping,119 - Impuestos acreditables por pagar,
MX SAT: Account Grouping,119.01 - IVA pendiente de pago,
MX SAT: Account Grouping,119.02 - IVA de importación pendiente de pago,
MX SAT: Account Grouping,119.03 - IEPS pendiente de pago,
MX SAT: Account Grouping,119.04 - IEPS pendiente de pago en importación,
MX SAT: Account Grouping,120 - Anticipo a proveedores,
MX SAT: Account Grouping,120.01 - Anticipo a proveedores nacional,
MX SAT: Account Grouping,120.02 - Anticipo a proveedores extranjero,
MX SAT: Account Grouping,120.03 - Anticipo a proveedores nacional parte relacionada,
MX SAT: Account Grouping,120.04 - Anticipo a proveedores extranjero parte relacionada,
MX SAT: Account Grouping,121 - Otros activos a corto plazo,
MX SAT: Account Grouping,121.01 - Otros activos a corto plazo,
MX SAT: Account Grouping,151 - Terrenos,
MX SAT: Account Grouping,151.01 - Terrenos,
MX SAT: Account Grouping,152 - Edificios,
MX SAT: Account Grouping,152.01 - Edificios,
MX SAT: Account Grouping,153 - Maquinaria y equipo,
MX SAT: Account Grouping,153.01 - Maquinaria y equipo,
MX SAT: Account Grouping,"154 - Automóviles, autobuses, camiones de carga, tractocamiones, montacargas y remolques",
MX SAT: Account Grouping,"154.01 - Automóviles, autobuses, camiones de carga, tractocamiones, montacargas y remolques",
MX SAT: Account Grouping,155 - Mobiliario y equipo de oficina,
MX SAT: Account Grouping,155.01 - Mobiliario y equipo de oficina,
MX SAT: Account Grouping,156 - Equipo de cómputo,
MX SAT: Account Grouping,156.01 - Equipo de cómputo,
MX SAT: Account Grouping,157 - Equipo de comunicación,
MX SAT: Account Grouping,157.01 - Equipo de comunicación,
MX SAT: Account Grouping,"158 - Activos biológicos, vegetales y semovientes",
MX SAT: Account Grouping,"158.01 - Activos biológicos, vegetales y semovientes",
MX SAT: Account Grouping,159 - Obras en proceso de activos fijos,
MX SAT: Account Grouping,159.01 - Obras en proceso de activos fijos,
MX SAT: Account Grouping,160 - Otros activos fijos,
MX SAT: Account Grouping,160.01 - Otros activos fijos,
MX SAT: Account Grouping,161 - Ferrocarriles,
MX SAT: Account Grouping,161.01 - Ferrocarriles,
MX SAT: Account Grouping,162 - Embarcaciones,
MX SAT: Account Grouping,162.01 - Embarcaciones,
MX SAT: Account Grouping,163 - Aviones,
MX SAT: Account Grouping,163.01 - Aviones,
MX SAT: Account Grouping,"164 - Troqueles, moldes, matrices y herramental",
MX SAT: Account Grouping,"164.01 - Troqueles, moldes, matrices y herramental",
MX SAT: Account Grouping,165 - Equipo de comunicaciones telefónicas,
MX SAT: Account Grouping,165.01 - Equipo de comunicaciones telefónicas,
MX SAT: Account Grouping,166 - Equipo de comunicación satelital,
MX SAT: Account Grouping,166.01 - Equipo de comunicación satelital,
MX SAT: Account Grouping,167 - Equipo de adaptaciones para personas con capacidades diferentes,
MX SAT: Account Grouping,167.01 - Equipo de adaptaciones para personas con capacidades diferentes,
MX SAT: Account Grouping,168 - Maquinaria y equipo de generación de energía de fuentes renovables o de sistemas de cogeneración de electricidad eficiente,
MX SAT: Account Grouping,168.01 - Maquinaria y equipo de generación de energía de fuentes renovables o de sistemas de cogeneración de electricidad eficiente,
MX SAT: Account Grouping,169 - Otra maquinaria y equipo,
MX SAT: Account Grouping,169.01 - Otra maquinaria y equipo,
MX SAT: Account Grouping,170 - Adaptaciones y mejoras,
MX SAT: Account Grouping,170.01 - Adaptaciones y mejoras,
MX SAT: Account Grouping,171 - Depreciación acumulada de activos fijos,
MX SAT: Account Grouping,171.01 - Depreciación acumulada de edificios,
MX SAT: Account Grouping,171.02 - Depreciación acumulada de maquinaria y equipo,
MX SAT: Account Grouping,"171.03 - Depreciación acumulada de automóviles, autobuses, camiones de carga, tractocamiones, montacargas y remolques",
MX SAT: Account Grouping,171.04 - Depreciación acumulada de mobiliario y equipo de oficina,
MX SAT: Account Grouping,171.05 - Depreciación acumulada de equipo de cómputo,
MX SAT: Account Grouping,171.06 - Depreciación acumulada de equipo de comunicación,
MX SAT: Account Grouping,"171.07 - Depreciación acumulada de activos biológicos, vegetales y semovientes",
MX SAT: Account Grouping,171.08 - Depreciación acumulada de otros activos fijos,
MX SAT: Account Grouping,171.09 - Depreciación acumulada de ferrocarriles,
MX SAT: Account Grouping,171.10 - Depreciación acumulada de embarcaciones,
MX SAT: Account Grouping,171.11 - Depreciación acumulada de aviones,
MX SAT: Account Grouping,"171.12 - Depreciación acumulada de troqueles, moldes, matrices y herramental",
MX SAT: Account Grouping,171.13 - Depreciación acumulada de equipo de comunicaciones telefónicas,
MX SAT: Account Grouping,171.14 - Depreciación acumulada de equipo de comunicación satelital,
MX SAT: Account Grouping,171.15 - Depreciación acumulada de equipo de adaptaciones para personas con capacidades diferentes,
MX SAT: Account Grouping,171.16 - Depreciación acumulada de maquinaria y equipo de generación de energía de fuentes renovables o de sistemas de cogeneración de electricidad eficiente,
MX SAT: Account Grouping,171.17 - Depreciación acumulada de adaptaciones y mejoras,
MX SAT: Account Grouping,171.18 - Depreciación acumulada de otra maquinaria y equipo,
MX SAT: Account Grouping,172 - Pérdida por deterioro acumulado de activos fijos,
MX SAT: Account Grouping,172.01 - Pérdida por deterioro acumulado de edificios,
MX SAT: Account Grouping,172.02 - Pérdida por deterioro acumulado de maquinaria y equipo,
MX SAT: Account Grouping,"172.03 - Pérdida por deterioro acumulado de automóviles, autobuses, camiones de carga, tractocamiones, montacargas y remolques",
MX SAT: Account Grouping,172.04 - Pérdida por deterioro acumulado de mobiliario y equipo de oficina,
MX SAT: Account Grouping,172.05 - Pérdida por deterioro acumulado de equipo de cómputo,
MX SAT: Account Grouping,172.06 - Pérdida por deterioro acumulado de equipo de comunicación,
MX SAT: Account Grouping,"172.07 - Pérdida por deterioro acumulado de activos biológicos, vegetales y semovientes",
MX SAT: Account Grouping,172.08 - Pérdida por deterioro acumulado de otros activos fijos,
MX SAT: Account Grouping,172.09 - Pérdida por deterioro acumulado de ferrocarriles,
MX SAT: Account Grouping,172.10 - Pérdida por deterioro acumulado de embarcaciones,
MX SAT: Account Grouping,172.11 - Pérdida por deterioro acumulado de aviones,
MX SAT: Account Grouping,"172.12 - Pérdida por deterioro acumulado de troqueles, moldes, matrices y herramental",
MX SAT: Account Grouping,172.13 - Pérdida por deterioro acumulado de equipo de comunicaciones telefónicas,
MX SAT: Account Grouping,172.14 - Pérdida por deterioro acumulado de equipo de comunicación satelital,
MX SAT: Account Grouping,172.15 - Pérdida por deterioro acumulado de equipo de adaptaciones para personas con capacidades diferentes,
MX SAT: Account Grouping,172.16 - Pérdida por deterioro acumulado de maquinaria y equipo de generación de energía de fuentes renovables o de sistemas de cogeneración de electricidad eficiente,
MX SAT: Account Grouping,172.17 - Pérdida por deterioro acumulado de adaptaciones y mejoras,
MX SAT: Account Grouping,172.18 - Pérdida por deterioro acumulado de otra maquinaria y equipo,
MX SAT: Account Grouping,173 - Gastos diferidos,
MX SAT: Account Grouping,173.01 - Gastos diferidos,
MX SAT: Account Grouping,174 - Gastos pre operativos,
MX SAT: Account Grouping,174.01 - Gastos pre operativos,
MX SAT: Account Grouping,"175 - Regalías, asistencia técnica y otros gastos diferidos",
MX SAT: Account Grouping,"175.01 - Regalías, asistencia técnica y otros gastos diferidos",
MX SAT: Account Grouping,176 - Activos intangibles,
MX SAT: Account Grouping,176.01 - Activos intangibles,
MX SAT: Account Grouping,177 - Gastos de organización,
MX SAT: Account Grouping,177.01 - Gastos de organización,
MX SAT: Account Grouping,178 - Investigación y desarrollo de mercado,
MX SAT: Account Grouping,178.01 - Investigación y desarrollo de mercado,
MX SAT: Account Grouping,179 - Marcas y patentes,
MX SAT: Account Grouping,179.01 - Marcas y patentes,
MX SAT: Account Grouping,180 - Crédito mercantil,
MX SAT: Account Grouping,180.01 - Crédito mercantil,
MX SAT: Account Grouping,181 - Gastos de instalación,
MX SAT: Account Grouping,181.01 - Gastos de instalación,
MX SAT: Account Grouping,182 - Otros activos diferidos,
MX SAT: Account Grouping,182.01 - Otros activos diferidos,
MX SAT: Account Grouping,183 - Amortización acumulada de activos diferidos,
MX SAT: Account Grouping,183.01 - Amortización acumulada de gastos diferidos,
MX SAT: Account Grouping,183.02 - Amortización acumulada de gastos pre operativos,
MX SAT: Account Grouping,"183.03 - Amortización acumulada de regalías, asistencia técnica y otros gastos diferidos",
MX SAT: Account Grouping,183.04 - Amortización acumulada de activos intangibles,
MX SAT: Account Grouping,183.05 - Amortización acumulada de gastos de organización,
MX SAT: Account Grouping,183.06 - Amortización acumulada de investigación y desarrollo de mercado,
MX SAT: Account Grouping,183.07 - Amortización acumulada de marcas y patentes,
MX SAT: Account Grouping,183.08 - Amortización acumulada de crédito mercantil,
MX SAT: Account Grouping,183.09 - Amortización acumulada de gastos de instalación,
MX SAT: Account Grouping,183.10 - Amortización acumulada de otros activos diferidos,
MX SAT: Account Grouping,184 - Depósitos en garantía,
MX SAT: Account Grouping,184.01 - Depósitos de fianzas,
MX SAT: Account Grouping,184.02 - Depósitos de arrendamiento de bienes inmuebles,
MX SAT: Account Grouping,184.03 - Otros depósitos en garantía,
MX SAT: Account Grouping,185 - Impuestos diferidos,
MX SAT: Account Grouping,185.01 - Impuestos diferidos ISR,
MX SAT: Account Grouping,186 - Cuentas y documentos por cobrar a largo plazo,
MX SAT: Account Grouping,186.01 - Cuentas y documentos por cobrar a largo plazo nacional,
MX SAT: Account Grouping,186.02 - Cuentas y documentos por cobrar a largo plazo extranjero,
MX SAT: Account Grouping,186.03 - Cuentas y documentos por cobrar a largo plazo nacional parte relacionada,
MX SAT: Account Grouping,186.04 - Cuentas y documentos por cobrar a largo plazo extranjero parte relacionada,
MX SAT: Account Grouping,186.05 - Intereses por cobrar a largo plazo nacional,
MX SAT: Account Grouping,186.06 - Intereses por cobrar a largo plazo extranjero,
MX SAT: Account Grouping,186.07 - Intereses por cobrar a largo plazo nacional parte relacionada,
MX SAT: Account Grouping,186.08 - Intereses por cobrar a largo plazo extranjero parte relacionada,
MX SAT: Account Grouping,186.09 - Otras cuentas y documentos por cobrar a largo plazo,
MX SAT: Account Grouping,186.10 - Otras cuentas y documentos por cobrar a largo plazo parte relacionada,
MX SAT: Account Grouping,187 - Participación de los trabajadores en las utilidades diferidas,
MX SAT: Account Grouping,187.01 - Participación de los trabajadores en las utilidades diferidas,
MX SAT: Account Grouping,188 - Inversiones permanentes en acciones,
MX SAT: Account Grouping,188.01 - Inversiones a largo plazo en subsidiarias,
MX SAT: Account Grouping,188.02 - Inversiones a largo plazo en asociadas,
MX SAT: Account Grouping,188.03 - Otras inversiones permanentes en acciones,
MX SAT: Account Grouping,189 - Estimación por deterioro de inversiones permanentes en acciones,
MX SAT: Account Grouping,189.01 - Estimación por deterioro de inversiones permanentes en acciones,
MX SAT: Account Grouping,190 - Otros instrumentos financieros,
MX SAT: Account Grouping,190.01 - Otros instrumentos financieros,
MX SAT: Account Grouping,191 - Otros activos a largo plazo,
MX SAT: Account Grouping,191.01 - Otros activos a largo plazo,
MX SAT: Account Grouping,201 - Proveedores,
MX SAT: Account Grouping,201.01 - Proveedores nacionales,
MX SAT: Account Grouping,201.02 - Proveedores extranjeros,
MX SAT: Account Grouping,201.03 - Proveedores nacionales parte relacionada,
MX SAT: Account Grouping,201.04 - Proveedores extranjeros parte relacionada,
MX SAT: Account Grouping,202 - Cuentas por pagar a corto plazo,
MX SAT: Account Grouping,202.01 - Documentos por pagar bancario y financiero nacional,
MX SAT: Account Grouping,202.02 - Documentos por pagar bancario y financiero extranjero,
MX SAT: Account Grouping,202.03 - Documentos y cuentas por pagar a corto plazo nacional,
MX SAT: Account Grouping,202.04 - Documentos y cuentas por pagar a corto plazo extranjero,
MX SAT: Account Grouping,202.05 - Documentos y cuentas por pagar a corto plazo nacional parte relacionada,
MX SAT: Account Grouping,202.06 - Documentos y cuentas por pagar a corto plazo extranjero parte relacionada,
MX SAT: Account Grouping,202.07 - Intereses por pagar a corto plazo nacional,
MX SAT: Account Grouping,202.08 - Intereses por pagar a corto plazo extranjero,
MX SAT: Account Grouping,202.09 - Intereses por pagar a corto plazo nacional parte relacionada,
MX SAT: Account Grouping,202.10 - Intereses por pagar a corto plazo extranjero parte relacionada,
MX SAT: Account Grouping,202.11 - Dividendo por pagar nacional,
MX SAT: Account Grouping,202.12 - Dividendo por pagar extranjero,
MX SAT: Account Grouping,203 - Cobros anticipados a corto plazo,
MX SAT: Account Grouping,203.01 - Rentas cobradas por anticipado a corto plazo nacional,
MX SAT: Account Grouping,203.02 - Rentas cobradas por anticipado a corto plazo extranjero,
MX SAT: Account Grouping,203.03 - Rentas cobradas por anticipado a corto plazo nacional parte relacionada,
MX SAT: Account Grouping,203.04 - Rentas cobradas por anticipado a corto plazo extranjero parte relacionada,
MX SAT: Account Grouping,203.05 - Intereses cobrados por anticipado a corto plazo nacional,
MX SAT: Account Grouping,203.06 - Intereses cobrados por anticipado a corto plazo extranjero,
MX SAT: Account Grouping,203.07 - Intereses cobrados por anticipado a corto plazo nacional parte relacionada,
MX SAT: Account Grouping,203.08 - Intereses cobrados por anticipado a corto plazo extranjero parte relacionada,
MX SAT: Account Grouping,203.09 - Factoraje financiero cobrados por anticipado a corto plazo nacional,
MX SAT: Account Grouping,203.10 - Factoraje financiero cobrados por anticipado a corto plazo extranjero,
MX SAT: Account Grouping,203.11 - Factoraje financiero cobrados por anticipado a corto plazo nacional parte relacionada,
MX SAT: Account Grouping,203.12 - Factoraje financiero cobrados por anticipado a corto plazo extranjero parte relacionada,
MX SAT: Account Grouping,203.13 - Arrendamiento financiero cobrados por anticipado a corto plazo nacional,
MX SAT: Account Grouping,203.14 - Arrendamiento financiero cobrados por anticipado a corto plazo extranjero,
MX SAT: Account Grouping,203.15 - Arrendamiento financiero cobrados por anticipado a corto plazo nacional parte relacionada,
MX SAT: Account Grouping,203.16 - Arrendamiento financiero cobrados por anticipado a corto plazo extranjero parte relacionada,
MX SAT: Account Grouping,203.17 - Derechos fiduciarios,
MX SAT: Account Grouping,203.18 - Otros cobros anticipados,
MX SAT: Account Grouping,204 - Instrumentos financieros a corto plazo,
MX SAT: Account Grouping,204.01 - Instrumentos financieros a corto plazo,
MX SAT: Account Grouping,205 - Acreedores diversos a corto plazo,
MX SAT: Account Grouping,"205.01 - Socios, accionistas o representante legal",
MX SAT: Account Grouping,205.02 - Acreedores diversos a corto plazo nacional,
MX SAT: Account Grouping,205.03 - Acreedores diversos a corto plazo extranjero,
MX SAT: Account Grouping,205.04 - Acreedores diversos a corto plazo nacional parte relacionada,
MX SAT: Account Grouping,205.05 - Acreedores diversos a corto plazo extranjero parte relacionada,
MX SAT: Account Grouping,205.06 - Otros acreedores diversos a corto plazo,
MX SAT: Account Grouping,206 - Anticipo de cliente,
MX SAT: Account Grouping,206.01 - Anticipo de cliente nacional,
MX SAT: Account Grouping,206.02 - Anticipo de cliente extranjero,
MX SAT: Account Grouping,206.03 - Anticipo de cliente nacional parte relacionada,
MX SAT: Account Grouping,206.04 - Anticipo de cliente extranjero parte relacionada,
MX SAT: Account Grouping,206.05 - Otros anticipos de clientes,
MX SAT: Account Grouping,207 - Impuestos trasladados,
MX SAT: Account Grouping,207.01 - IVA trasladado,
MX SAT: Account Grouping,207.02 - IEPS trasladado,
MX SAT: Account Grouping,208 - Impuestos trasladados cobrados,
MX SAT: Account Grouping,208.01 - IVA trasladado cobrado,
MX SAT: Account Grouping,208.02 - IEPS trasladado cobrado,
MX SAT: Account Grouping,209 - Impuestos trasladados no cobrados,
MX SAT: Account Grouping,209.01 - IVA trasladado no cobrado,
MX SAT: Account Grouping,209.02 - IEPS trasladado no cobrado,
MX SAT: Account Grouping,210 - Provisión de sueldos y salarios por pagar,
MX SAT: Account Grouping,210.01 - Provisión de sueldos y salarios por pagar,
MX SAT: Account Grouping,210.02 - Provisión de vacaciones por pagar,
MX SAT: Account Grouping,210.03 - Provisión de aguinaldo por pagar,
MX SAT: Account Grouping,210.04 - Provisión de fondo de ahorro por pagar,
MX SAT: Account Grouping,210.05 - Provisión de asimilados a salarios por pagar,
MX SAT: Account Grouping,210.06 - Provisión de anticipos o remanentes por distribuir,
MX SAT: Account Grouping,210.07 - Provisión de otros sueldos y salarios por pagar,
MX SAT: Account Grouping,211 - Provisión de contribuciones de seguridad social por pagar,
MX SAT: Account Grouping,211.01 - Provisión de IMSS patronal por pagar,
MX SAT: Account Grouping,211.02 - Provisión de SAR por pagar,
MX SAT: Account Grouping,211.03 - Provisión de infonavit por pagar,
MX SAT: Account Grouping,212 - Provisión de impuesto estatal sobre nómina por pagar,
MX SAT: Account Grouping,212.01 - Provisión de impuesto estatal sobre nómina por pagar,
MX SAT: Account Grouping,213 - Impuestos y derechos por pagar,
MX SAT: Account Grouping,213.01 - IVA por pagar,
MX SAT: Account Grouping,213.02 - IEPS por pagar,
MX SAT: Account Grouping,213.03 - ISR por pagar,
MX SAT: Account Grouping,213.04 - Impuesto estatal sobre nómina por pagar,
MX SAT: Account Grouping,213.05 - Impuesto estatal y municipal por pagar,
MX SAT: Account Grouping,213.06 - Derechos por pagar,
MX SAT: Account Grouping,213.07 - Otros impuestos por pagar,
MX SAT: Account Grouping,214 - Dividendos por pagar,
MX SAT: Account Grouping,214.01 - Dividendos por pagar,
MX SAT: Account Grouping,215 - PTU por pagar,
MX SAT: Account Grouping,215.01 - PTU por pagar,
MX SAT: Account Grouping,215.02 - PTU por pagar de ejercicios anteriores,
MX SAT: Account Grouping,215.03 - Provisión de PTU por pagar,
MX SAT: Account Grouping,216 - Impuestos retenidos,
MX SAT: Account Grouping,216.01 - Impuestos retenidos de ISR por sueldos y salarios,
MX SAT: Account Grouping,216.02 - Impuestos retenidos de ISR por asimilados a salarios,
MX SAT: Account Grouping,216.03 - Impuestos retenidos de ISR por arrendamiento,
MX SAT: Account Grouping,216.04 - Impuestos retenidos de ISR por servicios profesionales,
MX SAT: Account Grouping,216.05 - Impuestos retenidos de ISR por dividendos,
MX SAT: Account Grouping,216.06 - Impuestos retenidos de ISR por intereses,
MX SAT: Account Grouping,216.07 - Impuestos retenidos de ISR por pagos al extranjero,
MX SAT: Account Grouping,216.08 - Impuestos retenidos de ISR por venta de acciones,
MX SAT: Account Grouping,216.09 - Impuestos retenidos de ISR por venta de partes sociales,
MX SAT: Account Grouping,216.10 - Impuestos retenidos de IVA,
MX SAT: Account Grouping,216.11 - Retenciones de IMSS a los trabajadores,
MX SAT: Account Grouping,216.12 - Otras impuestos retenidos,
MX SAT: Account Grouping,217 - Pagos realizados por cuenta de terceros,
MX SAT: Account Grouping,217.01 - Pagos realizados por cuenta de terceros,
MX SAT: Account Grouping,218 - Otros pasivos a corto plazo,
MX SAT: Account Grouping,218.01 - Otros pasivos a corto plazo,
MX SAT: Account Grouping,251 - Acreedores diversos a largo plazo,
MX SAT: Account Grouping,"251.01 - Socios, accionistas o representante legal",
MX SAT: Account Grouping,251.02 - Acreedores diversos a largo plazo nacional,
MX SAT: Account Grouping,251.03 - Acreedores diversos a largo plazo extranjero,
MX SAT: Account Grouping,251.04 - Acreedores diversos a largo plazo nacional parte relacionada,
MX SAT: Account Grouping,251.05 - Acreedores diversos a largo plazo extranjero parte relacionada,
MX SAT: Account Grouping,251.06 - Otros acreedores diversos a largo plazo,
MX SAT: Account Grouping,252 - Cuentas por pagar a largo plazo,
MX SAT: Account Grouping,252.01 - Documentos bancarios y financieros por pagar a largo plazo nacional,
MX SAT: Account Grouping,252.02 - Documentos bancarios y financieros por pagar a largo plazo extranjero,
MX SAT: Account Grouping,252.03 - Documentos y cuentas por pagar a largo plazo nacional,
MX SAT: Account Grouping,252.04 - Documentos y cuentas por pagar a largo plazo extranjero,
MX SAT: Account Grouping,252.05 - Documentos y cuentas por pagar a largo plazo nacional parte relacionada,
MX SAT: Account Grouping,252.06 - Documentos y cuentas por pagar a largo plazo extranjero parte relacionada,
MX SAT: Account Grouping,252.07 - Hipotecas por pagar a largo plazo nacional,
MX SAT: Account Grouping,252.08 - Hipotecas por pagar a largo plazo extranjero,
MX SAT: Account Grouping,252.09 - Hipotecas por pagar a largo plazo nacional parte relacionada,
MX SAT: Account Grouping,252.10 - Hipotecas por pagar a largo plazo extranjero parte relacionada,
MX SAT: Account Grouping,252.11 - Intereses por pagar a largo plazo nacional,
MX SAT: Account Grouping,252.12 - Intereses por pagar a largo plazo extranjero,
MX SAT: Account Grouping,252.13 - Intereses por pagar a largo plazo nacional parte relacionada,
MX SAT: Account Grouping,252.14 - Intereses por pagar a largo plazo extranjero parte relacionada,
MX SAT: Account Grouping,252.15 - Dividendos por pagar nacionales,
MX SAT: Account Grouping,252.16 - Dividendos por pagar extranjeros,
MX SAT: Account Grouping,252.17 - Otras cuentas y documentos por pagar a largo plazo,
MX SAT: Account Grouping,253 - Cobros anticipados a largo plazo,
MX SAT: Account Grouping,253.01 - Rentas cobradas por anticipado a largo plazo nacional,
MX SAT: Account Grouping,253.02 - Rentas cobradas por anticipado a largo plazo extranjero,
MX SAT: Account Grouping,253.03 - Rentas cobradas por anticipado a largo plazo nacional parte relacionada,
MX SAT: Account Grouping,253.04 - Rentas cobradas por anticipado a largo plazo extranjero parte relacionada,
MX SAT: Account Grouping,253.05 - Intereses cobrados por anticipado a largo plazo nacional,
MX SAT: Account Grouping,253.06 - Intereses cobrados por anticipado a largo plazo extranjero,
MX SAT: Account Grouping,253.07 - Intereses cobrados por anticipado a largo plazo nacional parte relacionada,
MX SAT: Account Grouping,253.08 - Intereses cobrados por anticipado a largo plazo extranjero parte relacionada,
MX SAT: Account Grouping,253.09 - Factoraje financiero cobrados por anticipado a largo plazo nacional,
MX SAT: Account Grouping,253.10 - Factoraje financiero cobrados por anticipado a largo plazo extranjero,
MX SAT: Account Grouping,253.12 - Factoraje financiero cobrados por anticipado a largo plazo extranjero parte relacionada,
MX SAT: Account Grouping,253.13 - Arrendamiento financiero cobrados por anticipado a largo plazo nacional,
MX SAT: Account Grouping,253.14 - Arrendamiento financiero cobrados por anticipado a largo plazo extranjero,
MX SAT: Account Grouping,253.15 - Arrendamiento financiero cobrados por anticipado a largo plazo nacional parte relacionada,
MX SAT: Account Grouping,253.16 - Arrendamiento financiero cobrados por anticipado a largo plazo extranjero parte relacionada,
MX SAT: Account Grouping,253.17 - Derechos fiduciarios,
MX SAT: Account Grouping,253.18 - Otros cobros anticipados,
MX SAT: Account Grouping,254 - Instrumentos financieros a largo plazo,
MX SAT: Account Grouping,254.01 - Instrumentos financieros a largo plazo,
MX SAT: Account Grouping,255 - Pasivos por beneficios a los empleados a largo plazo,
MX SAT: Account Grouping,255.01 - Pasivos por beneficios a los empleados a largo plazo,
MX SAT: Account Grouping,256 - Otros pasivos a largo plazo,
MX SAT: Account Grouping,256.01 - Otros pasivos a largo plazo,
MX SAT: Account Grouping,257 - Participación de los trabajadores en las utilidades diferida,
MX SAT: Account Grouping,257.01 - Participación de los trabajadores en las utilidades diferida,
MX SAT: Account Grouping,258 - Obligaciones contraídas de fideicomisos,
MX SAT: Account Grouping,258.01 - Obligaciones contraídas de fideicomisos,
MX SAT: Account Grouping,259 - Impuestos diferidos,
MX SAT: Account Grouping,259.01 - ISR diferido,
MX SAT: Account Grouping,259.02 - ISR por dividendo diferido,
MX SAT: Account Grouping,259.03 - Otros impuestos diferidos,
MX SAT: Account Grouping,260 - Pasivos diferidos,
MX SAT: Account Grouping,260.01 - Pasivos diferidos,
MX SAT: Account Grouping,301 - Capital social,
MX SAT: Account Grouping,301.01 - Capital fijo,
MX SAT: Account Grouping,301.02 - Capital variable,
MX SAT: Account Grouping,301.03 - Aportaciones para futuros aumentos de capital,
MX SAT: Account Grouping,301.04 - Prima en suscripción de acciones,
MX SAT: Account Grouping,301.05 - Prima en suscripción de partes sociales,
MX SAT: Account Grouping,302 - Patrimonio,
MX SAT: Account Grouping,302.01 - Patrimonio,
MX SAT: Account Grouping,302.02 - Aportación patrimonial,
MX SAT: Account Grouping,302.03 - Déficit o remanente del ejercicio,
MX SAT: Account Grouping,303 - Reserva legal,
MX SAT: Account Grouping,303.01 - Reserva legal,
MX SAT: Account Grouping,304 - Resultado de ejercicios anteriores,
MX SAT: Account Grouping,304.01 - Utilidad de ejercicios anteriores,
MX SAT: Account Grouping,304.02 - Pérdida de ejercicios anteriores,
MX SAT: Account Grouping,304.03 - Resultado integral de ejercicios anteriores,
MX SAT: Account Grouping,304.04 - Déficit o remanente de ejercicio anteriores,
MX SAT: Account Grouping,305 - Resultado del ejercicio,
MX SAT: Account Grouping,305.01 - Utilidad del ejercicio,
MX SAT: Account Grouping,305.02 - Pérdida del ejercicio,
MX SAT: Account Grouping,305.03 - Resultado integral,
MX SAT: Account Grouping,306 - Otras cuentas de capital,
MX SAT: Account Grouping,306.01 - Otras cuentas de capital,
MX SAT: Account Grouping,401 - Ingresos,
MX SAT: Account Grouping,401.01 - Ventas y/o servicios gravados a la tasa general,
MX SAT: Account Grouping,401.02 - Ventas y/o servicios gravados a la tasa general de contado,
MX SAT: Account Grouping,401.03 - Ventas y/o servicios gravados a la tasa general a crédito,
MX SAT: Account Grouping,401.04 - Ventas y/o servicios gravados al 0%,
MX SAT: Account Grouping,401.05 - Ventas y/o servicios gravados al 0% de contado,
MX SAT: Account Grouping,401.06 - Ventas y/o servicios gravados al 0% a crédito,
MX SAT: Account Grouping,401.07 - Ventas y/o servicios exentos,
MX SAT: Account Grouping,401.08 - Ventas y/o servicios exentos de contado,
MX SAT: Account Grouping,401.09 - Ventas y/o servicios exentos a crédito,
MX SAT: Account Grouping,401.10 - Ventas y/o servicios gravados a la tasa general nacionales partes relacionadas,
MX SAT: Account Grouping,401.11 - Ventas y/o servicios gravados a la tasa general extranjeros partes relacionadas,
MX SAT: Account Grouping,401.12 - Ventas y/o servicios gravados al 0% nacionales partes relacionadas,
MX SAT: Account Grouping,401.13 - Ventas y/o servicios gravados al 0% extranjeros partes relacionadas,
MX SAT: Account Grouping,401.14 - Ventas y/o servicios exentos nacionales partes relacionadas,
MX SAT: Account Grouping,401.15 - Ventas y/o servicios exentos extranjeros partes relacionadas,
MX SAT: Account Grouping,401.16 - Ingresos por servicios administrativos,
MX SAT: Account Grouping,401.17 - Ingresos por servicios administrativos nacionales partes relacionadas,
MX SAT: Account Grouping,401.18 - Ingresos por servicios administrativos extranjeros partes relacionadas,
MX SAT: Account Grouping,401.19 - Ingresos por servicios profesionales,
MX SAT: Account Grouping,401.20 - Ingresos por servicios profesionales nacionales partes relacionadas,
MX SAT: Account Grouping,401.21 - Ingresos por servicios profesionales extranjeros partes relacionadas,
MX SAT: Account Grouping,401.22 - Ingresos por arrendamiento,
MX SAT: Account Grouping,401.23 - Ingresos por arrendamiento nacionales partes relacionadas,
MX SAT: Account Grouping,401.24 - Ingresos por arrendamiento extranjeros partes relacionadas,
MX SAT: Account Grouping,401.25 - Ingresos por exportación,
MX SAT: Account Grouping,401.26 - Ingresos por comisiones,
MX SAT: Account Grouping,401.27 - Ingresos por maquila,
MX SAT: Account Grouping,401.28 - Ingresos por coordinados,
MX SAT: Account Grouping,401.29 - Ingresos por regalías,
MX SAT: Account Grouping,401.30 - Ingresos por asistencia técnica,
MX SAT: Account Grouping,401.31 - Ingresos por donativos,
MX SAT: Account Grouping,401.32 - Ingresos por intereses (actividad propia),
MX SAT: Account Grouping,401.33 - Ingresos de copropiedad,
MX SAT: Account Grouping,401.34 - Ingresos por fideicomisos,
MX SAT: Account Grouping,401.35 - Ingresos por factoraje financiero,
MX SAT: Account Grouping,401.36 - Ingresos por arrendamiento financiero,
MX SAT: Account Grouping,401.37 - Ingresos de extranjeros con establecimiento en el país,
MX SAT: Account Grouping,401.38 - Otros ingresos propios,
MX SAT: Account Grouping,"402 - Devoluciones, descuentos o bonificaciones sobre ingresos",
MX SAT: Account Grouping,"402.01 - Devoluciones, descuentos o bonificaciones sobre ventas y/o servicios a la tasa general",
MX SAT: Account Grouping,"402.02 - Devoluciones, descuentos o bonificaciones sobre ventas y/o servicios al 0%",
MX SAT: Account Grouping,"402.03 - Devoluciones, descuentos o bonificaciones sobre ventas y/o servicios exentos",
MX SAT: Account Grouping,"402.04 - Devoluciones, descuentos o bonificaciones de otros ingresos",
MX SAT: Account Grouping,403 - Otros ingresos,
MX SAT: Account Grouping,403.01 - Otros Ingresos,
MX SAT: Account Grouping,403.02 - Otros ingresos nacionales parte relacionada,
MX SAT: Account Grouping,403.03 - Otros ingresos extranjeros parte relacionada,
MX SAT: Account Grouping,403.04 - Ingresos por operaciones discontinuas,
MX SAT: Account Grouping,403.05 - Ingresos por condonación de adeudo,
MX SAT: Account Grouping,501 - Costo de venta y/o servicio,
MX SAT: Account Grouping,501.01 - Costo de venta,
MX SAT: Account Grouping,501.02 - Costo de servicios (Mano de obra),
MX SAT: Account Grouping,501.03 - Materia prima directa utilizada para la producción,
MX SAT: Account Grouping,501.04 - Materia prima consumida en el proceso productivo,
MX SAT: Account Grouping,501.05 - Mano de obra directa consumida,
MX SAT: Account Grouping,501.06 - Mano de obra directa,
MX SAT: Account Grouping,501.07 - Cargos indirectos de producción,
MX SAT: Account Grouping,501.08 - Otros conceptos de costo,
MX SAT: Account Grouping,502 - Compras,
MX SAT: Account Grouping,502.01 - Compras nacionales,
MX SAT: Account Grouping,502.02 - Compras nacionales parte relacionada,
MX SAT: Account Grouping,502.03 - Compras de Importación,
MX SAT: Account Grouping,502.04 - Compras de Importación partes relacionadas,
MX SAT: Account Grouping,"503 - Devoluciones, descuentos o bonificaciones sobre compras",
MX SAT: Account Grouping,"503.01 - Devoluciones, descuentos o bonificaciones sobre compras",
MX SAT: Account Grouping,504 - Otras cuentas de costos,
MX SAT: Account Grouping,504.01 - Gastos indirectos de fabricación,
MX SAT: Account Grouping,504.02 - Gastos indirectos de fabricación de partes relacionadas nacionales,
MX SAT: Account Grouping,504.03 - Gastos indirectos de fabricación de partes relacionadas extranjeras,
MX SAT: Account Grouping,504.04 - Otras cuentas de costos incurridos,
MX SAT: Account Grouping,504.05 - Otras cuentas de costos incurridos con partes relacionadas nacionales,
MX SAT: Account Grouping,504.06 - Otras cuentas de costos incurridos con partes relacionadas extranjeras,
MX SAT: Account Grouping,504.07 - Depreciación de edificios,
MX SAT: Account Grouping,504.08 - Depreciación de maquinaria y equipo,
MX SAT: Account Grouping,"504.09 - Depreciación de automóviles, autobuses, camiones de carga, tractocamiones, montacargas y remolques",
MX SAT: Account Grouping,504.10 - Depreciación de mobiliario y equipo de oficina,
MX SAT: Account Grouping,504.11 - Depreciación de equipo de cómputo,
MX SAT: Account Grouping,504.12 - Depreciación de equipo de comunicación,
MX SAT: Account Grouping,"504.13 - Depreciación de activos biológicos, vegetales y semovientes",
MX SAT: Account Grouping,504.14 - Depreciación de otros activos fijos,
MX SAT: Account Grouping,504.15 - Depreciación de ferrocarriles,
MX SAT: Account Grouping,504.16 - Depreciación de embarcaciones,
MX SAT: Account Grouping,504.17 - Depreciación de aviones,
MX SAT: Account Grouping,"504.18 - Depreciación de troqueles, moldes, matrices y herramental",
MX SAT: Account Grouping,504.19 - Depreciación de equipo de comunicaciones telefónicas,
MX SAT: Account Grouping,504.20 - Depreciación de equipo de comunicación satelital,
MX SAT: Account Grouping,504.21 - Depreciación de equipo de adaptaciones para personas con capacidades diferentes,
MX SAT: Account Grouping,504.22 - Depreciación de maquinaria y equipo de generación de energía de fuentes renovables o de sistemas de cogeneración de electricidad eficiente,
MX SAT: Account Grouping,504.23 - Depreciación de adaptaciones y mejoras,
MX SAT: Account Grouping,504.24 - Depreciación de otra maquinaria y equipo,
MX SAT: Account Grouping,504.25 - Otras cuentas de costos,
MX SAT: Account Grouping,505 - Costo de activo fijo,
MX SAT: Account Grouping,505.01 - Costo por venta de activo fijo,
MX SAT: Account Grouping,505.02 - Costo por baja de activo fijo,
MX SAT: Account Grouping,601 - Gastos generales,
MX SAT: Account Grouping,601.01 - Sueldos y salarios,
MX SAT: Account Grouping,601.02 - Compensaciones,
MX SAT: Account Grouping,601.03 - Tiempos extras,
MX SAT: Account Grouping,601.04 - Premios de asistencia,
MX SAT: Account Grouping,601.05 - Premios de puntualidad,
MX SAT: Account Grouping,601.06 - Vacaciones,
MX SAT: Account Grouping,601.07 - Prima vacacional,
MX SAT: Account Grouping,601.08 - Prima dominical,
MX SAT: Account Grouping,601.09 - Días festivos,
MX SAT: Account Grouping,601.10 - Gratificaciones,
MX SAT: Account Grouping,601.11 - Primas de antigüedad,
MX SAT: Account Grouping,601.12 - Aguinaldo,
MX SAT: Account Grouping,601.13 - Indemnizaciones,
MX SAT: Account Grouping,601.14 - Destajo,
MX SAT: Account Grouping,601.15 - Despensa,
MX SAT: Account Grouping,601.16 - Transporte,
MX SAT: Account Grouping,601.17 - Servicio médico,
MX SAT: Account Grouping,601.18 - Ayuda en gastos funerarios,
MX SAT: Account Grouping,601.19 - Fondo de ahorro,
MX SAT: Account Grouping,601.20 - Cuotas sindicales,
MX SAT: Account Grouping,601.21 - PTU,
MX SAT: Account Grouping,601.22 - Estímulo al personal,
MX SAT: Account Grouping,601.23 - Previsión social,
MX SAT: Account Grouping,601.24 - Aportaciones para el plan de jubilación,
MX SAT: Account Grouping,601.25 - Otras prestaciones al personal,
MX SAT: Account Grouping,601.26 - Cuotas al IMSS,
MX SAT: Account Grouping,601.27 - Aportaciones al infonavit,
MX SAT: Account Grouping,601.28 - Aportaciones al SAR,
MX SAT: Account Grouping,601.29 - Impuesto estatal sobre nóminas,
MX SAT: Account Grouping,601.30 - Otras aportaciones,
MX SAT: Account Grouping,601.31 - Asimilados a salarios,
MX SAT: Account Grouping,601.32 - Servicios administrativos,
MX SAT: Account Grouping,601.33 - Servicios administrativos partes relacionadas,
MX SAT: Account Grouping,601.34 - Honorarios a personas físicas residentes nacionales,
MX SAT: Account Grouping,601.35 - Honorarios a personas físicas residentes nacionales partes relacionadas,
MX SAT: Account Grouping,601.36 - Honorarios a personas físicas residentes del extranjero,
MX SAT: Account Grouping,601.37 - Honorarios a personas físicas residentes del extranjero partes relacionadas,
MX SAT: Account Grouping,601.38 - Honorarios a personas morales residentes nacionales,
MX SAT: Account Grouping,601.39 - Honorarios a personas morales residentes nacionales partes relacionadas,
MX SAT: Account Grouping,601.40 - Honorarios a personas morales residentes del extranjero,
MX SAT: Account Grouping,601.41 - Honorarios a personas morales residentes del extranjero partes relacionadas,
MX SAT: Account Grouping,601.42 - Honorarios aduanales personas físicas,
MX SAT: Account Grouping,601.43 - Honorarios aduanales personas morales,
MX SAT: Account Grouping,601.44 - Honorarios al consejo de administración,
MX SAT: Account Grouping,601.45 - Arrendamiento a personas físicas residentes nacionales,
MX SAT: Account Grouping,601.46 - Arrendamiento a personas morales residentes nacionales,
MX SAT: Account Grouping,601.47 - Arrendamiento a residentes del extranjero,
MX SAT: Account Grouping,601.48 - Combustibles y lubricantes,
MX SAT: Account Grouping,601.49 - Viáticos y gastos de viaje,
MX SAT: Account Grouping,"601.50 - Teléfono, internet",
MX SAT: Account Grouping,601.51 - Agua,
MX SAT: Account Grouping,601.52 - Energía eléctrica,
MX SAT: Account Grouping,601.53 - Vigilancia y seguridad,
MX SAT: Account Grouping,601.54 - Limpieza,
MX SAT: Account Grouping,601.55 - Papelería y artículos de oficina,
MX SAT: Account Grouping,601.56 - Mantenimiento y conservación,
MX SAT: Account Grouping,601.57 - Seguros y fianzas,
MX SAT: Account Grouping,601.58 - Otros impuestos y derechos,
MX SAT: Account Grouping,601.59 - Recargos fiscales,
MX SAT: Account Grouping,601.60 - Cuotas y suscripciones,
MX SAT: Account Grouping,601.61 - Propaganda y publicidad,
MX SAT: Account Grouping,601.62 - Capacitación al personal,
MX SAT: Account Grouping,601.63 - Donativos y ayudas,
MX SAT: Account Grouping,601.64 - Asistencia técnica,
MX SAT: Account Grouping,601.65 - Regalías sujetas a otros porcentajes,
MX SAT: Account Grouping,601.66 - Regalías sujetas al 5%,
MX SAT: Account Grouping,601.67 - Regalías sujetas al 10%,
MX SAT: Account Grouping,601.68 - Regalías sujetas al 15%,
MX SAT: Account Grouping,601.69 - Regalías sujetas al 25%,
MX SAT: Account Grouping,601.70 - Regalías sujetas al 30%,
MX SAT: Account Grouping,601.71 - Regalías sin retención,
MX SAT: Account Grouping,601.72 - Fletes y acarreos,
MX SAT: Account Grouping,601.73 - Gastos de importación,
MX SAT: Account Grouping,601.74 - Comisiones sobre ventas,
MX SAT: Account Grouping,601.75 - Comisiones por tarjetas de crédito,
MX SAT: Account Grouping,601.76 - Patentes y marcas,
MX SAT: Account Grouping,601.77 - Uniformes,
MX SAT: Account Grouping,601.78 - Prediales,
MX SAT: Account Grouping,601.79 - Gastos generales de urbanización,
MX SAT: Account Grouping,601.80 - Gastos generales de construcción,
MX SAT: Account Grouping,601.81 - Fletes del extranjero,
MX SAT: Account Grouping,601.82 - Recolección de bienes del sector agropecuario y/o ganadero,
MX SAT: Account Grouping,601.83 - Gastos no deducibles (sin requisitos fiscales),
MX SAT: Account Grouping,601.84 - Otros gastos generales,
MX SAT: Account Grouping,602 - Gastos de venta,
MX SAT: Account Grouping,602.01 - Sueldos y salarios,
MX SAT: Account Grouping,602.02 - Compensaciones,
MX SAT: Account Grouping,602.03 - Tiempos extras,
MX SAT: Account Grouping,602.04 - Premios de asistencia,
MX SAT: Account Grouping,602.05 - Premios de puntualidad,
MX SAT: Account Grouping,602.06 - Vacaciones,
MX SAT: Account Grouping,602.07 - Prima vacacional,
MX SAT: Account Grouping,602.08 - Prima dominical,
MX SAT: Account Grouping,602.09 - Días festivos,
MX SAT: Account Grouping,602.10 - Gratificaciones,
MX SAT: Account Grouping,602.11 - Primas de antigüedad,
MX SAT: Account Grouping,602.12 - Aguinaldo,
MX SAT: Account Grouping,602.13 - Indemnizaciones,
MX SAT: Account Grouping,602.14 - Destajo,
MX SAT: Account Grouping,602.15 - Despensa,
MX SAT: Account Grouping,602.16 - Transporte,
MX SAT: Account Grouping,602.17 - Servicio médico,
MX SAT: Account Grouping,602.18 - Ayuda en gastos funerarios,
MX SAT: Account Grouping,602.19 - Fondo de ahorro,
MX SAT: Account Grouping,602.20 - Cuotas sindicales,
MX SAT: Account Grouping,602.21 - PTU,
MX SAT: Account Grouping,602.22 - Estímulo al personal,
MX SAT: Account Grouping,602.23 - Previsión social,
MX SAT: Account Grouping,602.24 - Aportaciones para el plan de jubilación,
MX SAT: Account Grouping,602.25 - Otras prestaciones al personal,
MX SAT: Account Grouping,602.26 - Cuotas al IMSS,
MX SAT: Account Grouping,602.27 - Aportaciones al infonavit,
MX SAT: Account Grouping,602.28 - Aportaciones al SAR,
MX SAT: Account Grouping,602.29 - Impuesto estatal sobre nóminas,
MX SAT: Account Grouping,602.30 - Otras aportaciones,
MX SAT: Account Grouping,602.31 - Asimilados a salarios,
MX SAT: Account Grouping,602.32 - Servicios administrativos,
MX SAT: Account Grouping,602.33 - Servicios administrativos partes relacionadas,
MX SAT: Account Grouping,602.34 - Honorarios a personas físicas residentes nacionales,
MX SAT: Account Grouping,602.35 - Honorarios a personas físicas residentes nacionales partes relacionadas,
MX SAT: Account Grouping,602.36 - Honorarios a personas físicas residentes del extranjero,
MX SAT: Account Grouping,602.37 - Honorarios a personas físicas residentes del extranjero partes relacionadas,
MX SAT: Account Grouping,602.38 - Honorarios a personas morales residentes nacionales,
MX SAT: Account Grouping,602.39 - Honorarios a personas morales residentes nacionales partes relacionadas,
MX SAT: Account Grouping,602.40 - Honorarios a personas morales residentes del extranjero,
MX SAT: Account Grouping,602.41 - Honorarios a personas morales residentes del extranjero partes relacionadas,
MX SAT: Account Grouping,602.42 - Honorarios aduanales personas físicas,
MX SAT: Account Grouping,602.43 - Honorarios aduanales personas morales,
MX SAT: Account Grouping,602.44 - Honorarios al consejo de administración,
MX SAT: Account Grouping,602.45 - Arrendamiento a personas físicas residentes nacionales,
MX SAT: Account Grouping,602.46 - Arrendamiento a personas morales residentes nacionales,
MX SAT: Account Grouping,602.47 - Arrendamiento a residentes del extranjero,
MX SAT: Account Grouping,602.48 - Combustibles y lubricantes,
MX SAT: Account Grouping,602.49 - Viáticos y gastos de viaje,
MX SAT: Account Grouping,"602.50 - Teléfono, internet",
MX SAT: Account Grouping,602.51 - Agua,
MX SAT: Account Grouping,602.52 - Energía eléctrica,
MX SAT: Account Grouping,602.53 - Vigilancia y seguridad,
MX SAT: Account Grouping,602.54 - Limpieza,
MX SAT: Account Grouping,602.55 - Papelería y artículos de oficina,
MX SAT: Account Grouping,602.56 - Mantenimiento y conservación,
MX SAT: Account Grouping,602.57 - Seguros y fianzas,
MX SAT: Account Grouping,602.58 - Otros impuestos y derechos,
MX SAT: Account Grouping,602.59 - Recargos fiscales,
MX SAT: Account Grouping,602.60 - Cuotas y suscripciones,
MX SAT: Account Grouping,602.61 - Propaganda y publicidad,
MX SAT: Account Grouping,602.62 - Capacitación al personal,
MX SAT: Account Grouping,602.63 - Donativos y ayudas,
MX SAT: Account Grouping,602.64 - Asistencia técnica,
MX SAT: Account Grouping,602.65 - Regalías sujetas a otros porcentajes,
MX SAT: Account Grouping,602.66 - Regalías sujetas al 5%,
MX SAT: Account Grouping,602.67 - Regalías sujetas al 10%,
MX SAT: Account Grouping,602.68 - Regalías sujetas al 15%,
MX SAT: Account Grouping,602.69 - Regalías sujetas al 25%,
MX SAT: Account Grouping,602.70 - Regalías sujetas al 30%,
MX SAT: Account Grouping,602.71 - Regalías sin retención,
MX SAT: Account Grouping,602.72 - Fletes y acarreos,
MX SAT: Account Grouping,602.73 - Gastos de importación,
MX SAT: Account Grouping,602.74 - Comisiones sobre ventas,
MX SAT: Account Grouping,602.75 - Comisiones por tarjetas de crédito,
MX SAT: Account Grouping,602.76 - Patentes y marcas,
MX SAT: Account Grouping,602.77 - Uniformes,
MX SAT: Account Grouping,602.78 - Prediales,
MX SAT: Account Grouping,602.79 - Gastos de venta de urbanización,
MX SAT: Account Grouping,602.80 - Gastos de venta de construcción,
MX SAT: Account Grouping,602.81 - Fletes del extranjero,
MX SAT: Account Grouping,602.82 - Recolección de bienes del sector agropecuario y/o ganadero,
MX SAT: Account Grouping,602.83 - Gastos no deducibles (sin requisitos fiscales),
MX SAT: Account Grouping,602.84 - Otros gastos de venta,
MX SAT: Account Grouping,603 - Gastos de administración,
MX SAT: Account Grouping,603.01 - Sueldos y salarios,
MX SAT: Account Grouping,603.02 - Compensaciones,
MX SAT: Account Grouping,603.03 - Tiempos extras,
MX SAT: Account Grouping,603.04 - Premios de asistencia,
MX SAT: Account Grouping,603.05 - Premios de puntualidad,
MX SAT: Account Grouping,603.06 - Vacaciones,
MX SAT: Account Grouping,603.07 - Prima vacacional,
MX SAT: Account Grouping,603.08 - Prima dominical,
MX SAT: Account Grouping,603.09 - Días festivos,
MX SAT: Account Grouping,603.10 - Gratificaciones,
MX SAT: Account Grouping,603.11 - Primas de antigüedad,
MX SAT: Account Grouping,603.12 - Aguinaldo,
MX SAT: Account Grouping,603.13 - Indemnizaciones,
MX SAT: Account Grouping,603.14 - Destajo,
MX SAT: Account Grouping,603.15 - Despensa,
MX SAT: Account Grouping,603.16 - Transporte,
MX SAT: Account Grouping,603.17 - Servicio médico,
MX SAT: Account Grouping,603.18 - Ayuda en gastos funerarios,
MX SAT: Account Grouping,603.19 - Fondo de ahorro,
MX SAT: Account Grouping,603.20 - Cuotas sindicales,
MX SAT: Account Grouping,603.21 - PTU,
MX SAT: Account Grouping,603.22 - Estímulo al personal,
MX SAT: Account Grouping,603.23 - Previsión social,
MX SAT: Account Grouping,603.24 - Aportaciones para el plan de jubilación,
MX SAT: Account Grouping,603.25 - Otras prestaciones al personal,
MX SAT: Account Grouping,603.26 - Cuotas al IMSS,
MX SAT: Account Grouping,603.27 - Aportaciones al infonavit,
MX SAT: Account Grouping,603.28 - Aportaciones al SAR,
MX SAT: Account Grouping,603.29 - Impuesto estatal sobre nóminas,
MX SAT: Account Grouping,603.30 - Otras aportaciones,
MX SAT: Account Grouping,603.31 - Asimilados a salarios,
MX SAT: Account Grouping,603.32 - Servicios administrativos,
MX SAT: Account Grouping,603.33 - Servicios administrativos partes relacionadas,
MX SAT: Account Grouping,603.34 - Honorarios a personas físicas residentes nacionales,
MX SAT: Account Grouping,603.35 - Honorarios a personas físicas residentes nacionales partes relacionadas,
MX SAT: Account Grouping,603.36 - Honorarios a personas físicas residentes del extranjero,
MX SAT: Account Grouping,603.37 - Honorarios a personas físicas residentes del extranjero partes relacionadas,
MX SAT: Account Grouping,603.38 - Honorarios a personas morales residentes nacionales,
MX SAT: Account Grouping,603.39 - Honorarios a personas morales residentes nacionales partes relacionadas,
MX SAT: Account Grouping,603.40 - Honorarios a personas morales residentes del extranjero,
MX SAT: Account Grouping,603.41 - Honorarios a personas morales residentes del extranjero partes relacionadas,
MX SAT: Account Grouping,603.42 - Honorarios aduanales personas físicas,
MX SAT: Account Grouping,603.43 - Honorarios aduanales personas morales,
MX SAT: Account Grouping,603.44 - Honorarios al consejo de administración,
MX SAT: Account Grouping,603.45 - Arrendamiento a personas físicas residentes nacionales,
MX SAT: Account Grouping,603.46 - Arrendamiento a personas morales residentes nacionales,
MX SAT: Account Grouping,603.47 - Arrendamiento a residentes del extranjero,
MX SAT: Account Grouping,603.48 - Combustibles y lubricantes,
MX SAT: Account Grouping,603.49 - Viáticos y gastos de viaje,
MX SAT: Account Grouping,"603.50 - Teléfono, internet",
MX SAT: Account Grouping,603.51 - Agua,
MX SAT: Account Grouping,603.52 - Energía eléctrica,
MX SAT: Account Grouping,603.53 - Vigilancia y seguridad,
MX SAT: Account Grouping,603.54 - Limpieza,
MX SAT: Account Grouping,603.55 - Papelería y artículos de oficina,
MX SAT: Account Grouping,603.56 - Mantenimiento y conservación,
MX SAT: Account Grouping,603.57 - Seguros y fianzas,
MX SAT: Account Grouping,603.58 - Otros impuestos y derechos,
MX SAT: Account Grouping,603.59 - Recargos fiscales,
MX SAT: Account Grouping,603.60 - Cuotas y suscripciones,
MX SAT: Account Grouping,603.61 - Propaganda y publicidad,
MX SAT: Account Grouping,603.62 - Capacitación al personal,
MX SAT: Account Grouping,603.63 - Donativos y ayudas,
MX SAT: Account Grouping,603.64 - Asistencia técnica,
MX SAT: Account Grouping,603.65 - Regalías sujetas a otros porcentajes,
MX SAT: Account Grouping,603.66 - Regalías sujetas al 5%,
MX SAT: Account Grouping,603.67 - Regalías sujetas al 10%,
MX SAT: Account Grouping,603.68 - Regalías sujetas al 15%,
MX SAT: Account Grouping,603.69 - Regalías sujetas al 25%,
MX SAT: Account Grouping,603.70 - Regalías sujetas al 30%,
MX SAT: Account Grouping,603.71 - Regalías sin retención,
MX SAT: Account Grouping,603.72 - Fletes y acarreos,
MX SAT: Account Grouping,603.73 - Gastos de importación,
MX SAT: Account Grouping,603.74 - Patentes y marcas,
MX SAT: Account Grouping,603.75 - Uniformes,
MX SAT: Account Grouping,603.76 - Prediales,
MX SAT: Account Grouping,603.77 - Gastos de administración de urbanización,
MX SAT: Account Grouping,603.78 - Gastos de administración de construcción,
MX SAT: Account Grouping,603.79 - Fletes del extranjero,
MX SAT: Account Grouping,603.80 - Recolección de bienes del sector agropecuario y/o ganadero,
MX SAT: Account Grouping,603.81 - Gastos no deducibles (sin requisitos fiscales),
MX SAT: Account Grouping,603.82 - Otros gastos de administración,
MX SAT: Account Grouping,604 - Gastos de fabricación,
MX SAT: Account Grouping,604.01 - Sueldos y salarios,
MX SAT: Account Grouping,604.02 - Compensaciones,
MX SAT: Account Grouping,604.03 - Tiempos extras,
MX SAT: Account Grouping,604.04 - Premios de asistencia,
MX SAT: Account Grouping,604.05 - Premios de puntualidad,
MX SAT: Account Grouping,604.06 - Vacaciones,
MX SAT: Account Grouping,604.07 - Prima vacacional,
MX SAT: Account Grouping,604.08 - Prima dominical,
MX SAT: Account Grouping,604.09 - Días festivos,
MX SAT: Account Grouping,604.10 - Gratificaciones,
MX SAT: Account Grouping,604.11 - Primas de antigüedad,
MX SAT: Account Grouping,604.12 - Aguinaldo,
MX SAT: Account Grouping,604.13 - Indemnizaciones,
MX SAT: Account Grouping,604.14 - Destajo,
MX SAT: Account Grouping,604.15 - Despensa,
MX SAT: Account Grouping,604.16 - Transporte,
MX SAT: Account Grouping,604.17 - Servicio médico,
MX SAT: Account Grouping,604.18 - Ayuda en gastos funerarios,
MX SAT: Account Grouping,604.19 - Fondo de ahorro,
MX SAT: Account Grouping,604.20 - Cuotas sindicales,
MX SAT: Account Grouping,604.21 - PTU,
MX SAT: Account Grouping,604.22 - Estímulo al personal,
MX SAT: Account Grouping,604.23 - Previsión social,
MX SAT: Account Grouping,604.24 - Aportaciones para el plan de jubilación,
MX SAT: Account Grouping,604.25 - Otras prestaciones al personal,
MX SAT: Account Grouping,604.26 - Cuotas al IMSS,
MX SAT: Account Grouping,604.27 - Aportaciones al infonavit,
MX SAT: Account Grouping,604.28 - Aportaciones al SAR,
MX SAT: Account Grouping,604.29 - Impuesto estatal sobre nóminas,
MX SAT: Account Grouping,604.30 - Otras aportaciones,
MX SAT: Account Grouping,604.31 - Asimilados a salarios,
MX SAT: Account Grouping,604.32 - Servicios administrativos,
MX SAT: Account Grouping,604.33 - Servicios administrativos partes relacionadas,
MX SAT: Account Grouping,604.34 - Honorarios a personas físicas residentes nacionales,
MX SAT: Account Grouping,604.35 - Honorarios a personas físicas residentes nacionales partes relacionadas,
MX SAT: Account Grouping,604.36 - Honorarios a personas físicas residentes del extranjero,
MX SAT: Account Grouping,604.37 - Honorarios a personas físicas residentes del extranjero partes relacionadas,
MX SAT: Account Grouping,604.38 - Honorarios a personas morales residentes nacionales,
MX SAT: Account Grouping,604.39 - Honorarios a personas morales residentes nacionales partes relacionadas,
MX SAT: Account Grouping,604.40 - Honorarios a personas morales residentes del extranjero,
MX SAT: Account Grouping,604.41 - Honorarios a personas morales residentes del extranjero partes relacionadas,
MX SAT: Account Grouping,604.42 - Honorarios aduanales personas físicas,
MX SAT: Account Grouping,604.43 - Honorarios aduanales personas morales,
MX SAT: Account Grouping,604.44 - Honorarios al consejo de administración,
MX SAT: Account Grouping,604.45 - Arrendamiento a personas físicas residentes nacionales,
MX SAT: Account Grouping,604.46 - Arrendamiento a personas morales residentes nacionales,
MX SAT: Account Grouping,604.47 - Arrendamiento a residentes del extranjero,
MX SAT: Account Grouping,604.48 - Combustibles y lubricantes,
MX SAT: Account Grouping,604.49 - Viáticos y gastos de viaje,
MX SAT: Account Grouping,"604.50 - Teléfono, internet",
MX SAT: Account Grouping,604.51 - Agua,
MX SAT: Account Grouping,604.52 - Energía eléctrica,
MX SAT: Account Grouping,604.53 - Vigilancia y seguridad,
MX SAT: Account Grouping,604.54 - Limpieza,
MX SAT: Account Grouping,604.55 - Papelería y artículos de oficina,
MX SAT: Account Grouping,604.56 - Mantenimiento y conservación,
MX SAT: Account Grouping,604.57 - Seguros y fianzas,
MX SAT: Account Grouping,604.58 - Otros impuestos y derechos,
MX SAT: Account Grouping,604.59 - Recargos fiscales,
MX SAT: Account Grouping,604.60 - Cuotas y suscripciones,
MX SAT: Account Grouping,604.61 - Propaganda y publicidad,
MX SAT: Account Grouping,604.62 - Capacitación al personal,
MX SAT: Account Grouping,604.63 - Donativos y ayudas,
MX SAT: Account Grouping,604.64 - Asistencia técnica,
MX SAT: Account Grouping,604.65 - Regalías sujetas a otros porcentajes,
MX SAT: Account Grouping,604.66 - Regalías sujetas al 5%,
MX SAT: Account Grouping,604.67 - Regalías sujetas al 10%,
MX SAT: Account Grouping,604.68 - Regalías sujetas al 15%,
MX SAT: Account Grouping,604.69 - Regalías sujetas al 25%,
MX SAT: Account Grouping,604.70 - Regalías sujetas al 30%,
MX SAT: Account Grouping,604.71 - Regalías sin retención,
MX SAT: Account Grouping,604.72 - Fletes y acarreos,
MX SAT: Account Grouping,604.73 - Gastos de importación,
MX SAT: Account Grouping,604.74 - Patentes y marcas,
MX SAT: Account Grouping,604.75 - Uniformes,
MX SAT: Account Grouping,604.76 - Prediales,
MX SAT: Account Grouping,604.77 - Gastos de fabricación de urbanización,
MX SAT: Account Grouping,604.78 - Gastos de fabricación de construcción,
MX SAT: Account Grouping,604.79 - Fletes del extranjero,
MX SAT: Account Grouping,604.80 - Recolección de bienes del sector agropecuario y/o ganadero,
MX SAT: Account Grouping,604.81 - Gastos no deducibles (sin requisitos fiscales),
MX SAT: Account Grouping,604.82 - Otros gastos de fabricación,
MX SAT: Account Grouping,605 - Mano de obra directa,
MX SAT: Account Grouping,605.01 - Mano de obra,
MX SAT: Account Grouping,605.02 - Sueldos y Salarios,
MX SAT: Account Grouping,605.03 - Compensaciones,
MX SAT: Account Grouping,605.04 - Tiempos extras,
MX SAT: Account Grouping,605.05 - Premios de asistencia,
MX SAT: Account Grouping,605.06 - Premios de puntualidad,
MX SAT: Account Grouping,605.07 - Vacaciones,
MX SAT: Account Grouping,605.08 - Prima vacacional,
MX SAT: Account Grouping,605.09 - Prima dominical,
MX SAT: Account Grouping,605.10 - Días festivos,
MX SAT: Account Grouping,605.11 - Gratificaciones,
MX SAT: Account Grouping,605.12 - Primas de antigüedad,
MX SAT: Account Grouping,605.13 - Aguinaldo,
MX SAT: Account Grouping,605.14 - Indemnizaciones,
MX SAT: Account Grouping,605.15 - Destajo,
MX SAT: Account Grouping,605.16 - Despensa,
MX SAT: Account Grouping,605.17 - Transporte,
MX SAT: Account Grouping,605.18 - Servicio médico,
MX SAT: Account Grouping,605.19 - Ayuda en gastos funerarios,
MX SAT: Account Grouping,605.20 - Fondo de ahorro,
MX SAT: Account Grouping,605.21 - Cuotas sindicales,
MX SAT: Account Grouping,605.22 - PTU,
MX SAT: Account Grouping,605.23 - Estímulo al personal,
MX SAT: Account Grouping,605.24 - Previsión social,
MX SAT: Account Grouping,605.25 - Aportaciones para el plan de jubilación,
MX SAT: Account Grouping,605.26 - Otras prestaciones al personal,
MX SAT: Account Grouping,605.27 - Asimilados a salarios,
MX SAT: Account Grouping,605.28 - Cuotas al IMSS,
MX SAT: Account Grouping,605.29 - Aportaciones al infonavit,
MX SAT: Account Grouping,605.30 - Aportaciones al SAR,
MX SAT: Account Grouping,605.31 - Otros costos de mano de obra directa,
MX SAT: Account Grouping,606 - Facilidades administrativas fiscales,
MX SAT: Account Grouping,606.01 - Facilidades administrativas fiscales,
MX SAT: Account Grouping,607 - Participación de los trabajadores en las utilidades,
MX SAT: Account Grouping,607.01 - Participación de los trabajadores en las utilidades,
MX SAT: Account Grouping,608 - Participación en resultados de subsidiarias,
MX SAT: Account Grouping,608.01 - Participación en resultados de subsidiarias,
MX SAT: Account Grouping,609 - Participación en resultados de asociadas,
MX SAT: Account Grouping,609.01 - Participación en resultados de asociadas,
MX SAT: Account Grouping,610 - Participación de los trabajadores en las utilidades diferida,
MX SAT: Account Grouping,610.01 - Participación de los trabajadores en las utilidades diferida,
MX SAT: Account Grouping,611 - Impuesto Sobre la renta,
MX SAT: Account Grouping,611.01 - Impuesto Sobre la renta,
MX SAT: Account Grouping,611.02 - Impuesto Sobre la renta por remanente distribuible,
MX SAT: Account Grouping,612 - Gastos no deducibles para CUFIN,
MX SAT: Account Grouping,612.01 - Gastos no deducibles para CUFIN,
MX SAT: Account Grouping,613 - Depreciación contable,
MX SAT: Account Grouping,613.01 - Depreciación de edificios,
MX SAT: Account Grouping,613.02 - Depreciación de maquinaria y equipo,
MX SAT: Account Grouping,"613.03 - Depreciación de automóviles, autobuses, camiones de carga, tractocamiones, montacargas y remolques",
MX SAT: Account Grouping,613.04 - Depreciación de mobiliario y equipo de oficina,
MX SAT: Account Grouping,613.05 - Depreciación de equipo de cómputo,
MX SAT: Account Grouping,613.06 - Depreciación de equipo de comunicación,
MX SAT: Account Grouping,"613.07 - Depreciación de activos biológicos, vegetales y semovientes",
MX SAT: Account Grouping,613.08 - Depreciación de otros activos fijos,
MX SAT: Account Grouping,613.09 - Depreciación de ferrocarriles,
MX SAT: Account Grouping,613.10 - Depreciación de embarcaciones,
MX SAT: Account Grouping,613.11 - Depreciación de aviones,
MX SAT: Account Grouping,"613.12 - Depreciación de troqueles, moldes, matrices y herramental",
MX SAT: Account Grouping,613.13 - Depreciación de equipo de comunicaciones telefónicas,
MX SAT: Account Grouping,613.14 - Depreciación de equipo de comunicación satelital,
MX SAT: Account Grouping,613.15 - Depreciación de equipo de adaptaciones para personas con capacidades diferentes,
MX SAT: Account Grouping,613.16 - Depreciación de maquinaria y equipo de generación de energía de fuentes renovables o de sistemas de cogeneración de electricidad eficiente,
MX SAT: Account Grouping,613.17 - Depreciación de adaptaciones y mejoras,
MX SAT: Account Grouping,613.18 - Depreciación de otra maquinaria y equipo,
MX SAT: Account Grouping,614 - Amortización contable,
MX SAT: Account Grouping,614.01 - Amortización de gastos diferidos,
MX SAT: Account Grouping,614.02 - Amortización de gastos pre operativos,
MX SAT: Account Grouping,"614.03 - Amortización de regalías, asistencia técnica y otros gastos diferidos",
MX SAT: Account Grouping,614.04 - Amortización de activos intangibles,
MX SAT: Account Grouping,614.05 - Amortización de gastos de organización,
MX SAT: Account Grouping,614.06 - Amortización de investigación y desarrollo de mercado,
MX SAT: Account Grouping,614.07 - Amortización de marcas y patentes,
MX SAT: Account Grouping,614.08 - Amortización de crédito mercantil,
MX SAT: Account Grouping,614.09 - Amortización de gastos de instalación,
MX SAT: Account Grouping,614.10 - Amortización de otros activos diferidos,
MX SAT: Account Grouping,701 - Gastos financieros,
MX SAT: Account Grouping,701.01 - Pérdida cambiaria,
MX SAT: Account Grouping,701.02 - Pérdida cambiaria nacional parte relacionada,
MX SAT: Account Grouping,701.03 - Pérdida cambiaria extranjero parte relacionada,
MX SAT: Account Grouping,701.04 - Intereses a cargo bancario nacional,
MX SAT: Account Grouping,701.05 - Intereses a cargo bancario extranjero,
MX SAT: Account Grouping,701.06 - Intereses a cargo de personas físicas nacional,
MX SAT: Account Grouping,701.07 - Intereses a cargo de personas físicas extranjero,
MX SAT: Account Grouping,701.08 - Intereses a cargo de personas morales nacional,
MX SAT: Account Grouping,701.09 - Intereses a cargo de personas morales extranjero,
MX SAT: Account Grouping,701.10 - Comisiones bancarias,
MX SAT: Account Grouping,701.11 - Otros gastos financieros,
MX SAT: Account Grouping,702 - Productos financieros,
MX SAT: Account Grouping,702.01 - Utilidad cambiaria,
MX SAT: Account Grouping,702.02 - Utilidad cambiaria nacional parte relacionada,
MX SAT: Account Grouping,702.03 - Utilidad cambiaria extranjero parte relacionada,
MX SAT: Account Grouping,702.04 - Intereses a favor bancarios nacional,
MX SAT: Account Grouping,702.05 - Intereses a favor bancarios extranjero,
MX SAT: Account Grouping,702.06 - Intereses a favor de personas físicas nacional,
MX SAT: Account Grouping,702.07 - Intereses a favor de personas físicas extranjero,
MX SAT: Account Grouping,702.08 - Intereses a favor de personas morales nacional,
MX SAT: Account Grouping,702.09 - Intereses a favor de personas morales extranjero,
MX SAT: Account Grouping,702.10 - Otros productos financieros,
MX SAT: Account Grouping,703 - Otros gastos,
MX SAT: Account Grouping,703.01 - Pérdida en venta y/o baja de terrenos,
MX SAT: Account Grouping,703.02 - Pérdida en venta y/o baja de edificios,
MX SAT: Account Grouping,703.03 - Pérdida en venta y/o baja de maquinaria y equipo,
MX SAT: Account Grouping,"703.04 - Pérdida en venta y/o baja de automóviles, autobuses, camiones de carga, tractocamiones, montacargas y remolques",
MX SAT: Account Grouping,703.05 - Pérdida en venta y/o baja de mobiliario y equipo de oficina,
MX SAT: Account Grouping,703.06 - Pérdida en venta y/o baja de equipo de cómputo,
MX SAT: Account Grouping,703.07 - Pérdida en venta y/o baja de equipo de comunicación,
MX SAT: Account Grouping,"703.08 - Pérdida en venta y/o baja de activos biológicos, vegetales y semovientes",
MX SAT: Account Grouping,703.09 - Pérdida en venta y/o baja de otros activos fijos,
MX SAT: Account Grouping,703.10 - Pérdida en venta y/o baja de ferrocarriles,
MX SAT: Account Grouping,703.11 - Pérdida en venta y/o baja de embarcaciones,
MX SAT: Account Grouping,703.12 - Pérdida en venta y/o baja de aviones,
MX SAT: Account Grouping,"703.13 - Pérdida en venta y/o baja de troqueles, moldes, matrices y herramental",
MX SAT: Account Grouping,703.14 - Pérdida en venta y/o baja de equipo de comunicaciones telefónicas,
MX SAT: Account Grouping,703.15 - Pérdida en venta y/o baja de equipo de comunicación satelital,
MX SAT: Account Grouping,703.16 - Pérdida en venta y/o baja de equipo de adaptaciones para personas con capacidades diferentes,
MX SAT: Account Grouping,703.17 - Pérdida en venta y/o baja de maquinaria y equipo de generación de energía de fuentes renovables o de sistemas de cogeneración de electricidad eficiente,
MX SAT: Account Grouping,703.18 - Pérdida en venta y/o baja de otra maquinaria y equipo,
MX SAT: Account Grouping,703.19 - Pérdida por enajenación de acciones,
MX SAT: Account Grouping,703.20 - Pérdida por enajenación de partes sociales,
MX SAT: Account Grouping,703.21 - Otros gastos,
MX SAT: Account Grouping,704 - Otros productos,
MX SAT: Account Grouping,704.01 - Ganancia en venta y/o baja de terrenos,
MX SAT: Account Grouping,704.02 - Ganancia en venta y/o baja de edificios,
MX SAT: Account Grouping,704.03 - Ganancia en venta y/o baja de maquinaria y equipo,
MX SAT: Account Grouping,"704.04 - Ganancia en venta y/o baja de automóviles, autobuses, camiones de carga, tractocamiones, montacargas y remolques",
MX SAT: Account Grouping,704.05 - Ganancia en venta y/o baja de mobiliario y equipo de oficina,
MX SAT: Account Grouping,704.06 - Ganancia en venta y/o baja de equipo de cómputo,
MX SAT: Account Grouping,704.07 - Ganancia en venta y/o baja de equipo de comunicación,
MX SAT: Account Grouping,"704.08 - Ganancia en venta y/o baja de activos biológicos, vegetales y semovientes",
MX SAT: Account Grouping,704.09 - Ganancia en venta y/o baja de otros activos fijos,
MX SAT: Account Grouping,704.10 - Ganancia en venta y/o baja de ferrocarriles,
MX SAT: Account Grouping,704.11 - Ganancia en venta y/o baja de embarcaciones,
MX SAT: Account Grouping,704.12 - Ganancia en venta y/o baja de aviones,
MX SAT: Account Grouping,"704.13 - Ganancia en venta y/o baja de troqueles, moldes, matrices y herramental",
MX SAT: Account Grouping,704.14 - Ganancia en venta y/o baja de equipo de comunicaciones telefónicas,
MX SAT: Account Grouping,704.15 - Ganancia en venta y/o baja de equipo de comunicación satelital,
MX SAT: Account Grouping,704.16 - Ganancia en venta y/o baja de equipo de adaptaciones para personas con capacidades diferentes,
MX SAT: Account Grouping,704.17 - Ganancia en venta de maquinaria y equipo de generación de energía de fuentes renovables o de sistemas de cogeneración de electricidad eficiente,
MX SAT: Account Grouping,704.18 - Ganancia en venta y/o baja de otra maquinaria y equipo,
MX SAT: Account Grouping,704.19 - Ganancia por enajenación de acciones,
MX SAT: Account Grouping,704.20 - Ganancia por enajenación de partes sociales,
MX SAT: Account Grouping,704.21 - Ingresos por estímulos fiscales,
MX SAT: Account Grouping,704.22 - Ingresos por condonación de adeudo,
MX SAT: Account Grouping,704.23 - Otros productos,
MX SAT: Account Grouping,801 - UFIN del ejercicio,
MX SAT: Account Grouping,801.01 - UFIN,
MX SAT: Account Grouping,801.02 - Contra cuenta UFIN,
MX SAT: Account Grouping,802 - CUFIN del ejercicio,
MX SAT: Account Grouping,802.01 - CUFIN,
MX SAT: Account Grouping,802.02 - Contra cuenta CUFIN,
MX SAT: Account Grouping,803 - CUFIN de ejercicios anteriores,
MX SAT: Account Grouping,803.01 - CUFIN de ejercicios anteriores,
MX SAT: Account Grouping,803.02 - Contra cuenta CUFIN de ejercicios anteriores,
MX SAT: Account Grouping,804 - CUFINRE del ejercicio,
MX SAT: Account Grouping,804.01 - CUFINRE,
MX SAT: Account Grouping,804.02 - Contra cuenta CUFINRE,
MX SAT: Account Grouping,805 - CUFINRE de ejercicios anteriores,
MX SAT: Account Grouping,805.01 - CUFINRE de ejercicios anteriores,
MX SAT: Account Grouping,805.02 - Contra cuenta CUFINRE de ejercicios anteriores,
MX SAT: Account Grouping,806 - CUCA del ejercicio,
MX SAT: Account Grouping,806.01 - CUCA,
MX SAT: Account Grouping,806.02 - Contra cuenta CUCA,
MX SAT: Account Grouping,807 - CUCA de ejercicios anteriores,
MX SAT: Account Grouping,807.01 - CUCA de ejercicios anteriores,
MX SAT: Account Grouping,807.02 - Contra cuenta CUCA de ejercicios anteriores,
MX SAT: Account Grouping,808 - Ajuste anual por inflación acumulable,
MX SAT: Account Grouping,808.01 - Ajuste anual por inflación acumulable,
MX SAT: Account Grouping,808.02 - Acumulación del ajuste anual inflacionario,
MX SAT: Account Grouping,809 - Ajuste anual por inflación deducible,
MX SAT: Account Grouping,809.01 - Ajuste anual por inflación deducible,
MX SAT: Account Grouping,809.02 - Deducción del ajuste anual inflacionario,
MX SAT: Account Grouping,810 - Deducción de inversión,
MX SAT: Account Grouping,810.01 - Deducción de inversión,
MX SAT: Account Grouping,810.02 - Contra cuenta deducción de inversiones,
MX SAT: Account Grouping,811 - Utilidad o pérdida fiscal en venta y/o baja de activo fijo,
MX SAT: Account Grouping,811.01 - Utilidad o pérdida fiscal en venta y/o baja de activo fijo,
MX SAT: Account Grouping,811.02 - Contra cuenta utilidad o pérdida fiscal en venta y/o baja de activo fijo,
MX SAT: Account Grouping,812 - Utilidad o pérdida fiscal en venta acciones o partes sociales,
MX SAT: Account Grouping,812.01 - Utilidad o pérdida fiscal en venta acciones o partes sociales,
MX SAT: Account Grouping,812.02 - Contra cuenta utilidad o pérdida fiscal en venta acciones o partes sociales,
MX SAT: Account Grouping,813 - Pérdidas fiscales pendientes de amortizar actualizadas de ejercicios anteriores,
MX SAT: Account Grouping,813.01 - Pérdidas fiscales pendientes de amortizar actualizadas de ejercicios anteriores,
MX SAT: Account Grouping,813.02 - Actualización de pérdidas fiscales pendientes de amortizar de ejercicios anteriores,
MX SAT: Account Grouping,814 - Mercancías recibidas en consignación,
MX SAT: Account Grouping,814.01 - Mercancías recibidas en consignación,
MX SAT: Account Grouping,814.02 - Consignación de mercancías recibidas,
MX SAT: Account Grouping,815 - Crédito fiscal de IVA e IEPS por la importación de mercancías para empresas certificadas,
MX SAT: Account Grouping,815.01 - Crédito fiscal de IVA e IEPS por la importación de mercancías,
MX SAT: Account Grouping,815.02 - Importación de mercancías con aplicación de crédito fiscal de IVA e IEPS,
MX SAT: Account Grouping,816 - Crédito fiscal de IVA e IEPS por la importación de activos fijos para empresas certificadas,
MX SAT: Account Grouping,816.01 - Crédito fiscal de IVA e IEPS por la importación de activo fijo,
MX SAT: Account Grouping,816.02 - Importación de activo fijo con aplicación de crédito fiscal de IVA e IEPS,
MX SAT: Account Grouping,899 - Otras cuentas de orden,
MX SAT: Account Grouping,899.01 - Otras cuentas de orden,
MX SAT: Account Grouping,899.02 - Contra cuenta otras cuentas de orden,
